{
    "Midtown": 159.3131634819533,
    "Harlem": 99.15975855130785,
    "Clinton Hill": 118.11867704280155,
    "East Harlem": 106.75722543352602,
    "Murray Hill": 163.63717602593283,
    "Bedford-Stuyvesant": 93.41971287514525,
    "Hell's Kitchen": 145.01181102362204,
    "Upper West Side": 135.05227552275522,
    "Chinatown": 128.23999999999913,
    "South Slope": 126.84883720864475,
    "West Village": 175.14468864468864,
    "Williamsburg": 115.23539152612629,
    "Fort Greene": 125.32118451025057,
    "Chelsea": 159.3411910669975,
    "Crown Heights": 95.69446391030134,
    "Park Slope": 135.38268792710707,
    "Windsor Terrace": 117.0992656984435,
    "Inwood": 86.03765691195066,
    "East Village": 139.3758774728781,
    "Greenpoint": 118.933935265823,
    "Bushwick": 80.2784645140831,
    "Flatbush": 82.52430555555556,
    "Lower East Side": 133.54060913705584,
    "Prospect-Lefferts Gardens": 94.1304347826087,
    "Long Island City": 106.18346774193549,
    "Kips Bay": 139.38069705093835,
    "SoHo": 153.40663899384663,
    "Upper East Side": 140.50353243416828,
    "Prospect Heights": 119.7227414330212,
    "Washington Heights": 83.77095631641086,
    "Woodside": 78.2085309799769,
    "Carroll Gardens": 140.1024387702249,
    "Gowanus": 118.97169808392334,
    "Flatlands": 96.61588771687177,
    "Cobble Hill": 142.62197450244514,
    "Flushing": 78.17587939698493,
    "Sunnyside": 86.22054380664734,
    "DUMBO": 155.90389610711696,
    "St. George": 99.38000036513033,
    "Highbridge": 86.29274898410695,
    "Financial District": 169.77345132743363,
    "Morningside Heights": 104.25825825825846,
    "Jamaica": 86.72897205973386,
    "Middle Village": 108.63966432739451,
    "Ridgewood": 77.89736842105265,
    "NoHo": 179.11674710448827,
    "Ditmars Steinway": 89.40802675587055,
    "Roosevelt Island": 97.27590942377678,
    "Greenwich Village": 161.35273972595238,
    "Little Italy": 139.832551787576,
    "East Flatbush": 85.59518599562364,
    "Tompkinsville": 82.47528254725587,
    "Astoria": 94.14568764568764,
    "Kensington": 84.22841436872746,
    "Clason Point": 95.39193453178383,
    "Eastchester": 108.10839742481166,
    "Kingsbridge": 77.1074786448065,
    "Boerum Hill": 138.2221792975845,
    "Brooklyn Heights": 143.34843991615276,
    "Two Bridges": 116.78895475607722,
    "Queens Village": 81.57313182702009,
    "Rockaway Beach": 117.86207099133358,
    "Forest Hills": 89.35701794601627,
    "Nolita": 149.09374876263206,
    "Woodlawn": 101.06394368022376,
    "University Heights": 90.0050878848564,
    "Gravesend": 89.82084840018513,
    "Allerton": 85.17675180442441,
    "East New York": 85.14500041795287,
    "Theater District": 145.48420916442387,
    "Concourse Village": 84.43557056445947,
    "Sheepshead Bay": 84.25011671115494,
    "Others": 94.04608300089669,
    "Fort Hamilton": 98.27569939303703,
    "Bensonhurst": 78.17594617563242,
    "Tribeca": 162.61349520452376,
    "Sunset Park": 90.70605187319897,
    "Concourse": 87.432411736259,
    "Gramercy": 153.29136690622082,
    "Elmhurst": 79.9238585395356,
    "Brighton Beach": 92.5167342393488,
    "Jackson Heights": 82.59659594409243,
    "Cypress Hills": 81.55617884915527,
    "St. Albans": 81.13680157712311,
    "Arrochar": 112.98694626246944,
    "Rego Park": 76.91953992557292,
    "Wakefield": 72.35443189587163,
    "Clifton": 102.1470979181535,
    "Bay Ridge": 95.59729125612299,
    "Flatiron District": 161.35268767600775,
    "Stapleton": 92.90325856451527,
    "Briarwood": 84.01277127316793,
    "Ozone Park": 89.76909221193458,
    "Columbia St": 129.27356068094628,
    "Vinegar Hill": 140.22475917946986,
    "Mott Haven": 82.55703215753601,
    "Longwood": 80.24086666157103,
    "Canarsie": 93.1031197745199,
    "Battery Park City": 146.5576218224996,
    "East Elmhurst": 76.40572099890113,
    "Morris Heights": 100.47302715365278,
    "Arverne": 117.6818712289567,
    "Cambria Heights": 94.64365704115878,
    "Concord": 103.40828916908823,
    "Borough Park": 64.40812449577535,
    "Downtown Brooklyn": 134.7311039876347,
    "Civic Center": 140.63034473861612,
    "Port Morris": 106.77396016008184,
    "Fieldston": 100.96044025876682,
    "Kew Gardens": 93.97965708242569,
    "Midwood": 83.86083113385787,
    "City Island": 107.45783665924742,
    "Glendale": 94.14249207663379,
    "Red Hook": 113.1533321556448,
    "Richmond Hill": 84.95123543517795,
    "Bellerose": 104.60791799278795,
    "Maspeth": 85.88227512761428,
    "Williamsbridge": 84.74764436275562,
    "Soundview": 92.28315044051949,
    "Stuyvesant Town": 113.76782621355139,
    "Parkchester": 76.27752624532825,
    "North Riverdale": 103.79667753170474,
    "Bronxdale": 88.41436149012723,
    "Riverdale": 114.3903237535282,
    "Kew Gardens Hills": 105.27526241808644,
    "Norwood": 92.3226312716626,
    "Claremont Village": 92.27831158259171,
    "Fordham": 76.33121679313214,
    "Woodhaven": 70.12276515558621,
    "Bayswater": 101.89896758830446,
    "Navy Yard": 121.88767785756883,
    "Brownsville": 75.09731127597654,
    "Fresh Meadows": 91.78591102575139,
    "Mount Hope": 99.3183824441139,
    "Springfield Gardens": 91.82022076468546,
    "Howard Beach": 113.99388695396122,
    "Jamaica Estates": 114.7066175001718,
    "Bayside": 89.46457397936896,
    "Morris Park": 98.28168297083995,
    "West Brighton": 98.16795821502356,
    "College Point": 93.71631663289139,
    "Far Rockaway": 92.20478962771742,
    "South Ozone Park": 94.10092985807974,
    "Tremont": 98.67754024479932,
    "Corona": 66.1175253892939,
    "Great Kills": 109.36376495406364,
    "Marble Hill": 100.9609669442663,
    "East Morrisania": 109.27649694817961,
    "Hunts Point": 84.63796891202637,
    "Whitestone": 103.36637125751275,
    "Pelham Bay": 104.67679448525989,
    "Randall Manor": 105.36855684632405,
    "Morrisania": 101.69870524327466,
    "Laurelton": 108.74008192662131,
    "Pelham Gardens": 88.59335234187674,
    "Belmont": 103.40556681414732,
    "Dyker Heights": 108.71277573750484,
    "Rosedale": 71.5725169467607,
    "Edgemere": 107.42518715828894,
    "Melrose": 104.71107836436272,
    "Bergen Beach": 111.0043076244206,
    "Throgs Neck": 94.36748627897629,
    "Schuylerville": 100.41789560074015,
    "Coney Island": 110.85542140277721,
    "Bath Beach": 101.44121374491652,
    "Hollis": 104.10304365427332,
    "Edenwald": 102.43837650311826,
    "Westchester Square": 101.6881212480368,
    "Van Nest": 108.17530658305998
}